{
 "version": "4.0.0",
 "description": "This file contains details of the assets used by simple, a Joomla 4 compatible site template.",
 "license": "GPL-2.0-or-later",
 "assets": [
   {
    "name": "template.style.simple",
    "description": "The css file to be used for the site.",
    "type": "style",
    "uri": "style.css"
   },
   {
    "name": "template.error.simple",
    "description": "The css file to be used for the error page.",
    "type": "style",
    "uri": "error.css"
   },
   {
    "name": "bootstrapjs",
    "description": "Bootstrap 5.2.2 js files including popper.",
    "type": "script",
    "uri": "https://cdn.jsdelivr.net/npm/bootstrap@5.2.2/dist/js/bootstrap.bundle.min.js",
    "attributes" : {
     "defer": true,
     "crossorigin":"anonymous",
     "integrity":"sha384-OERcA2EqjJCMA+/3y+gxIOqMEjwtxJY7qPCqsdltbNJuaOe923+mo//f6V8Qbsw3"
    }
   },
   {
    "name": "template.script.simple",
    "description": "The file containing the javascript for this template.",
    "type": "script",
    "uri": "template.js",
    "attributes" : {
     "defer": true
    },
    "dependencies": [
     "bootstrapjs"
    ]
   }
  ]
}
