<?xml version="1.0" encoding="utf-8"?>
<extension type="template" client="site" method="upgrade">
	<name>simple</name>
	<version>1.0</version>
	<creationDate>01/01/2023</creationDate>
	<author>Me</author>
	<authorEmail>me@me.me</authorEmail>
	<copyright>My Copyright Notice</copyright>
	<description>TPL_SIMPLE_XML_DESCRIPTION</description>
	<inheritable>1</inheritable>
	<files>
		<filename>component.php</filename>
		<filename>error.php</filename>
		<filename>index.php</filename>
		<filename>joomla.asset.json</filename>
		<filename>templateDetails.xml</filename>
		<folder>html</folder>
		<folder>language</folder>
	</files>
	<media destination="templates/site/simple" folder="media">
		<folder>js</folder>
		<folder>css</folder>
		<folder>scss</folder>
		<folder>images</folder>
	</media>
	<positions>
		<position>mainnav</position>
		<position>search</position>
		<position>banner</position>
		<position>breadcrumb</position>
		<position>frontleft</position>
		<position>frontright</position>
		<position>belowcontent</position>
		<position>abovefooter</position>
		<position>footer</position>
		<position>debug</position>
	</positions>
	<config>
		<fields name="params">
			<fieldset name="advanced">
				<field
					name="googlefonts"
					type="text"
					default=""
					label="TPL_SIMPLE_GOOGLEFONTS"
					filter="string"
				/>
			</fieldset>
		</fields>
	</config>
</extension>
